<?xml version="1.0" encoding="UTF-8"?>
<metadata xml:lang="en"><Esri><CreaDate>20180328</CreaDate><CreaTime>12504100</CreaTime><ArcGISFormat>1.0</ArcGISFormat><SyncOnce>FALSE</SyncOnce><DataProperties><lineage><Process ToolSource="c:\program files (x86)\arcgis\desktop10.4\ArcToolbox\Toolboxes\Data Management Tools.tbx\CreateFeatureclass" Date="20170103" Time="160654">CreateFeatureclass C:\Basher\Datasets\NaturalEarth_GeoFeatures\ne_10m_rivers_lake_centerlines\RedrawnRivers Zambezi POLYLINE RedrawnRiverCenterlines\Ganges DISABLED DISABLED "PROJCS['WGS_1984_World_Mercator',GEOGCS['GCS_WGS_1984',DATUM['D_WGS_1984',SPHEROID['WGS_1984',6378137.0,298.257223563]],PRIMEM['Greenwich',0.0],UNIT['Degree',0.0174532925199433]],PROJECTION['Mercator'],PARAMETER['False_Easting',0.0],PARAMETER['False_Northing',0.0],PARAMETER['Central_Meridian',0.0],PARAMETER['Standard_Parallel_1',0.0],UNIT['Meter',1.0]];-20037700 -30198300 10000;-100000 10000;-100000 10000;0.001;0.001;0.001;IsHighPrecision" # 0 0 0</Process><Process ToolSource="c:\program files (x86)\arcgis\desktop10.5\ArcToolbox\Toolboxes\Data Management Tools.tbx\Merge" Date="20171126" Time="231139">Merge Zambezi;Ural;Victoria_White_Nile;TonleSrepok_Mekong;Yenisei;Nile;Ob;RioGrande_single;Senegal;Mahakam;Mekong;Mississipi_single;Niger;Rhine;TonleSap_Mekong;Yangtze;Kong_Mekong;Kwando_Zambezi;Lachlan_Murray;Lena;Limpopo;MaeNamMun_Mekong;NamOu_Mekong;Parana;Tocantins;Warrego_Darling;Congo;Danube;Darling;Don;Ganges;indus;Kafue_Zambezi;Macquaire_Darling;NamNgun_Mekong;Orinoco;TekezeSetitAtbara_Nile;Volta;Amur;Arkansas;BahrelZeraf_Nile;BlueNile_Nile;Chari;Amazon;Columbia_single;Kabompo_Zambezi;Mackenzie;Murray;Olekma_lena;Shire_Zambezi;Volga;Aldan_lena;Jubba;Macintyre_Darling;Missouri_single;Ohio_single;Shangani_Zambezi;Vitim_lena;Akobo_Sobat_Nile;Colorado_single;Irtysh;Luangwa_Zambezi;Sepik;Vilyuy_lena "C:\Basher\River Project\NewRiverGrids\RedrawnRivers\0_AllRiversComboNov17.shp" "ObjectID "ObjectID" true true false 10 Long 0 10 ,First,#,Zambezi,ObjectID,-1,-1,Ganges,ObjectID,-1,-1,Amur,ObjectID,-1,-1,Arkansas,OBJECTID,-1,-1;NAME "NAME" true true false 40 Text 0 0 ,First,#,Zambezi,NAME,-1,-1,Ural,name,-1,-1,Victoria_White_Nile,name,-1,-1,TonleSrepok_Mekong,name,-1,-1,Yenisei,name,-1,-1,Nile,name,-1,-1,Ob,name,-1,-1,RioGrande_single,name,-1,-1,Senegal,name,-1,-1,Mahakam,name,-1,-1,Mekong,name,-1,-1,Mississipi_single,name,-1,-1,Niger,name,-1,-1,Rhine,name,-1,-1,TonleSap_Mekong,name,-1,-1,Yangtze,name,-1,-1,Kong_Mekong,name,-1,-1,Kwando_Zambezi,name,-1,-1,Lachlan_Murray,name,-1,-1,Lena,name,-1,-1,Limpopo,name,-1,-1,MaeNamMun_Mekong,name,-1,-1,NamOu_Mekong,name,-1,-1,Parana,name,-1,-1,Tocantins,name,-1,-1,Warrego_Darling,name,-1,-1,Congo,name,-1,-1,Danube,name,-1,-1,Darling,name,-1,-1,Don,name,-1,-1,Ganges,NAME,-1,-1,indus,name,-1,-1,Kafue_Zambezi,name,-1,-1,Macquaire_Darling,name,-1,-1,NamNgun_Mekong,name,-1,-1,Orinoco,name,-1,-1,TekezeSetitAtbara_Nile,name,-1,-1,Volta,name,-1,-1,Amur,NAME,-1,-1,BahrelZeraf_Nile,name,-1,-1,BlueNile_Nile,name,-1,-1,Chari,name,-1,-1,Amazon,name,-1,-1,Columbia_single,name,-1,-1,Kabompo_Zambezi,name,-1,-1,Mackenzie,name,-1,-1,Murray,name,-1,-1,Olekma_lena,name,-1,-1,Shire_Zambezi,name,-1,-1,Volga,name,-1,-1,Aldan_lena,name,-1,-1,Jubba,name,-1,-1,Macintyre_Darling,name,-1,-1,Missouri_single,name,-1,-1,Ohio_single,name,-1,-1,Shangani_Zambezi,name,-1,-1,Vitim_lena,name,-1,-1,Akobo_Sobat_Nile,name,-1,-1,Colorado_single,name,-1,-1,Irtysh,name,-1,-1,Luangwa_Zambezi,name,-1,-1,Sepik,name,-1,-1,Vilyuy_lena,name,-1,-1;SYSTEM "SYSTEM" true true false 40 Text 0 0 ,First,#,Zambezi,SYSTEM,-1,-1,Ganges,SYSTEM,-1,-1,Amur,SYSTEM,-1,-1;MILES "MILES" true true false 19 Double 0 0 ,First,#,Zambezi,MILES,-1,-1,Ganges,MILES,-1,-1,Amur,MILES,-1,-1;featurecla "featurecla" true true false 15 Text 0 0 ,First,#,Zambezi,featurecla,-1,-1,Ural,featurecla,-1,-1,Victoria_White_Nile,featurecla,-1,-1,TonleSrepok_Mekong,featurecla,-1,-1,Yenisei,featurecla,-1,-1,Nile,featurecla,-1,-1,Ob,featurecla,-1,-1,RioGrande_single,featurecla,-1,-1,Senegal,featurecla,-1,-1,Mahakam,featurecla,-1,-1,Mekong,featurecla,-1,-1,Niger,featurecla,-1,-1,Rhine,featurecla,-1,-1,TonleSap_Mekong,featurecla,-1,-1,Yangtze,featurecla,-1,-1,Kong_Mekong,featurecla,-1,-1,Kwando_Zambezi,featurecla,-1,-1,Lachlan_Murray,featurecla,-1,-1,Lena,featurecla,-1,-1,Limpopo,featurecla,-1,-1,MaeNamMun_Mekong,featurecla,-1,-1,NamOu_Mekong,featurecla,-1,-1,Parana,featurecla,-1,-1,Tocantins,featurecla,-1,-1,Warrego_Darling,featurecla,-1,-1,Congo,featurecla,-1,-1,Danube,featurecla,-1,-1,Darling,featurecla,-1,-1,Don,featurecla,-1,-1,indus,featurecla,-1,-1,Kafue_Zambezi,featurecla,-1,-1,Macquaire_Darling,featurecla,-1,-1,NamNgun_Mekong,featurecla,-1,-1,Orinoco,featurecla,-1,-1,TekezeSetitAtbara_Nile,featurecla,-1,-1,Volta,featurecla,-1,-1,BahrelZeraf_Nile,featurecla,-1,-1,BlueNile_Nile,featurecla,-1,-1,Chari,featurecla,-1,-1,Amazon,featurecla,-1,-1,Kabompo_Zambezi,featurecla,-1,-1,Mackenzie,featurecla,-1,-1,Murray,featurecla,-1,-1,Olekma_lena,featurecla,-1,-1,Shire_Zambezi,featurecla,-1,-1,Volga,featurecla,-1,-1,Aldan_lena,featurecla,-1,-1,Jubba,featurecla,-1,-1,Macintyre_Darling,featurecla,-1,-1,Shangani_Zambezi,featurecla,-1,-1,Vitim_lena,featurecla,-1,-1,Akobo_Sobat_Nile,featurecla,-1,-1,Irtysh,featurecla,-1,-1,Luangwa_Zambezi,featurecla,-1,-1,Sepik,featurecla,-1,-1,Vilyuy_lena,featurecla,-1,-1;scalerank "scalerank" true true false 5 Long 0 5 ,First,#,Zambezi,scalerank,-1,-1,Ural,scalerank,-1,-1,Victoria_White_Nile,scalerank,-1,-1,TonleSrepok_Mekong,scalerank,-1,-1,Yenisei,scalerank,-1,-1,Nile,scalerank,-1,-1,Ob,scalerank,-1,-1,RioGrande_single,scalerank,-1,-1,Senegal,scalerank,-1,-1,Mahakam,scalerank,-1,-1,Mekong,scalerank,-1,-1,Mississipi_single,scalerank,-1,-1,Niger,scalerank,-1,-1,Rhine,scalerank,-1,-1,TonleSap_Mekong,scalerank,-1,-1,Yangtze,scalerank,-1,-1,Kong_Mekong,scalerank,-1,-1,Kwando_Zambezi,scalerank,-1,-1,Lachlan_Murray,scalerank,-1,-1,Lena,scalerank,-1,-1,Limpopo,scalerank,-1,-1,MaeNamMun_Mekong,scalerank,-1,-1,NamOu_Mekong,scalerank,-1,-1,Parana,scalerank,-1,-1,Tocantins,scalerank,-1,-1,Warrego_Darling,scalerank,-1,-1,Congo,scalerank,-1,-1,Danube,scalerank,-1,-1,Darling,scalerank,-1,-1,Don,scalerank,-1,-1,indus,scalerank,-1,-1,Kafue_Zambezi,scalerank,-1,-1,Macquaire_Darling,scalerank,-1,-1,NamNgun_Mekong,scalerank,-1,-1,Orinoco,scalerank,-1,-1,TekezeSetitAtbara_Nile,scalerank,-1,-1,Volta,scalerank,-1,-1,BahrelZeraf_Nile,scalerank,-1,-1,BlueNile_Nile,scalerank,-1,-1,Chari,scalerank,-1,-1,Amazon,scalerank,-1,-1,Columbia_single,scalerank,-1,-1,Kabompo_Zambezi,scalerank,-1,-1,Mackenzie,scalerank,-1,-1,Murray,scalerank,-1,-1,Olekma_lena,scalerank,-1,-1,Shire_Zambezi,scalerank,-1,-1,Volga,scalerank,-1,-1,Aldan_lena,scalerank,-1,-1,Jubba,scalerank,-1,-1,Macintyre_Darling,scalerank,-1,-1,Missouri_single,scalerank,-1,-1,Ohio_single,scalerank,-1,-1,Shangani_Zambezi,scalerank,-1,-1,Vitim_lena,scalerank,-1,-1,Akobo_Sobat_Nile,scalerank,-1,-1,Colorado_single,scalerank,-1,-1,Irtysh,scalerank,-1,-1,Luangwa_Zambezi,scalerank,-1,-1,Sepik,scalerank,-1,-1,Vilyuy_lena,scalerank,-1,-1;rivernum "rivernum" true true false 5 Long 0 5 ,First,#,Zambezi,rivernum,-1,-1,Ural,rivernum,-1,-1,Victoria_White_Nile,rivernum,-1,-1,TonleSrepok_Mekong,rivernum,-1,-1,Yenisei,rivernum,-1,-1,Nile,rivernum,-1,-1,Ob,rivernum,-1,-1,RioGrande_single,rivernum,-1,-1,Senegal,rivernum,-1,-1,Mahakam,rivernum,-1,-1,Mekong,rivernum,-1,-1,Mississipi_single,rivernum,-1,-1,Niger,rivernum,-1,-1,Rhine,rivernum,-1,-1,TonleSap_Mekong,rivernum,-1,-1,Yangtze,rivernum,-1,-1,Kong_Mekong,rivernum,-1,-1,Kwando_Zambezi,rivernum,-1,-1,Lachlan_Murray,rivernum,-1,-1,Lena,rivernum,-1,-1,Limpopo,rivernum,-1,-1,MaeNamMun_Mekong,rivernum,-1,-1,NamOu_Mekong,rivernum,-1,-1,Parana,rivernum,-1,-1,Tocantins,rivernum,-1,-1,Warrego_Darling,rivernum,-1,-1,Congo,rivernum,-1,-1,Danube,rivernum,-1,-1,Darling,rivernum,-1,-1,Don,rivernum,-1,-1,indus,rivernum,-1,-1,Kafue_Zambezi,rivernum,-1,-1,Macquaire_Darling,rivernum,-1,-1,NamNgun_Mekong,rivernum,-1,-1,Orinoco,rivernum,-1,-1,TekezeSetitAtbara_Nile,rivernum,-1,-1,Volta,rivernum,-1,-1,BahrelZeraf_Nile,rivernum,-1,-1,BlueNile_Nile,rivernum,-1,-1,Chari,rivernum,-1,-1,Amazon,rivernum,-1,-1,Columbia_single,rivernum,-1,-1,Kabompo_Zambezi,rivernum,-1,-1,Mackenzie,rivernum,-1,-1,Murray,rivernum,-1,-1,Olekma_lena,rivernum,-1,-1,Shire_Zambezi,rivernum,-1,-1,Volga,rivernum,-1,-1,Aldan_lena,rivernum,-1,-1,Jubba,rivernum,-1,-1,Macintyre_Darling,rivernum,-1,-1,Missouri_single,rivernum,-1,-1,Ohio_single,rivernum,-1,-1,Shangani_Zambezi,rivernum,-1,-1,Vitim_lena,rivernum,-1,-1,Akobo_Sobat_Nile,rivernum,-1,-1,Colorado_single,rivernum,-1,-1,Irtysh,rivernum,-1,-1,Luangwa_Zambezi,rivernum,-1,-1,Sepik,rivernum,-1,-1,Vilyuy_lena,rivernum,-1,-1;note "note" true true false 50 Text 0 0 ,First,#,Zambezi,note,-1,-1,Ural,note,-1,-1,Victoria_White_Nile,note,-1,-1,TonleSrepok_Mekong,note,-1,-1,Yenisei,note,-1,-1,Nile,note,-1,-1,Ob,note,-1,-1,Senegal,note,-1,-1,Mahakam,note,-1,-1,Mekong,note,-1,-1,Rhine,note,-1,-1,TonleSap_Mekong,note,-1,-1,Yangtze,note,-1,-1,Kong_Mekong,note,-1,-1,Kwando_Zambezi,note,-1,-1,Lachlan_Murray,note,-1,-1,Lena,note,-1,-1,Limpopo,note,-1,-1,MaeNamMun_Mekong,note,-1,-1,NamOu_Mekong,note,-1,-1,Parana,note,-1,-1,Tocantins,note,-1,-1,Warrego_Darling,note,-1,-1,Congo,note,-1,-1,Danube,note,-1,-1,Don,note,-1,-1,indus,note,-1,-1,Kafue_Zambezi,note,-1,-1,Macquaire_Darling,note,-1,-1,NamNgun_Mekong,note,-1,-1,Orinoco,note,-1,-1,TekezeSetitAtbara_Nile,note,-1,-1,Volta,note,-1,-1,BahrelZeraf_Nile,note,-1,-1,BlueNile_Nile,note,-1,-1,Chari,note,-1,-1,Amazon,note,-1,-1,Kabompo_Zambezi,note,-1,-1,Mackenzie,note,-1,-1,Murray,note,-1,-1,Olekma_lena,note,-1,-1,Shire_Zambezi,note,-1,-1,Volga,note,-1,-1,Aldan_lena,note,-1,-1,Jubba,note,-1,-1,Macintyre_Darling,note,-1,-1,Shangani_Zambezi,note,-1,-1,Vitim_lena,note,-1,-1,Akobo_Sobat_Nile,note,-1,-1,Irtysh,note,-1,-1,Luangwa_Zambezi,note,-1,-1,Sepik,note,-1,-1,Vilyuy_lena,note,-1,-1;name_alt "name_alt" true true false 254 Text 0 0 ,First,#,Ural,name_alt,-1,-1,Victoria_White_Nile,name_alt,-1,-1,TonleSrepok_Mekong,name_alt,-1,-1,Yenisei,name_alt,-1,-1,Nile,name_alt,-1,-1,Ob,name_alt,-1,-1,Senegal,name_alt,-1,-1,Mahakam,name_alt,-1,-1,Mekong,name_alt,-1,-1,Rhine,name_alt,-1,-1,TonleSap_Mekong,name_alt,-1,-1,Yangtze,name_alt,-1,-1,Kong_Mekong,name_alt,-1,-1,Kwando_Zambezi,name_alt,-1,-1,Lachlan_Murray,name_alt,-1,-1,Lena,name_alt,-1,-1,Limpopo,name_alt,-1,-1,MaeNamMun_Mekong,name_alt,-1,-1,NamOu_Mekong,name_alt,-1,-1,Parana,name_alt,-1,-1,Tocantins,name_alt,-1,-1,Warrego_Darling,name_alt,-1,-1,Congo,name_alt,-1,-1,Danube,name_alt,-1,-1,Don,name_alt,-1,-1,indus,name_alt,-1,-1,Kafue_Zambezi,name_alt,-1,-1,Macquaire_Darling,name_alt,-1,-1,NamNgun_Mekong,name_alt,-1,-1,Orinoco,name_alt,-1,-1,TekezeSetitAtbara_Nile,name_alt,-1,-1,Volta,name_alt,-1,-1,BahrelZeraf_Nile,name_alt,-1,-1,BlueNile_Nile,name_alt,-1,-1,Chari,name_alt,-1,-1,Amazon,name_alt,-1,-1,Kabompo_Zambezi,name_alt,-1,-1,Mackenzie,name_alt,-1,-1,Murray,name_alt,-1,-1,Olekma_lena,name_alt,-1,-1,Shire_Zambezi,name_alt,-1,-1,Volga,name_alt,-1,-1,Aldan_lena,name_alt,-1,-1,Jubba,name_alt,-1,-1,Macintyre_Darling,name_alt,-1,-1,Shangani_Zambezi,name_alt,-1,-1,Vitim_lena,name_alt,-1,-1,Akobo_Sobat_Nile,name_alt,-1,-1,Irtysh,name_alt,-1,-1,Luangwa_Zambezi,name_alt,-1,-1,Sepik,name_alt,-1,-1,Vilyuy_lena,name_alt,-1,-1;Length_km "Length_km" true true false 19 Double 0 0 ,First,#,Ural,Length_km,-1,-1,Victoria_White_Nile,Length_km,-1,-1,TonleSrepok_Mekong,Length_km,-1,-1,Yenisei,Length_km,-1,-1,Nile,Length_km,-1,-1,Ob,Length_km,-1,-1,RioGrande_single,Length_km,-1,-1,Senegal,Length_km,-1,-1,Mahakam,Length_km,-1,-1,Mekong,Length_km,-1,-1,Mississipi_single,Length_km,-1,-1,Niger,Length_km,-1,-1,Rhine,Length_km,-1,-1,TonleSap_Mekong,Length_km,-1,-1,Yangtze,Length_km,-1,-1,Kong_Mekong,Length_km,-1,-1,Kwando_Zambezi,Length_km,-1,-1,Lachlan_Murray,Length_km,-1,-1,Lena,Length_km,-1,-1,Limpopo,Length_km,-1,-1,MaeNamMun_Mekong,Length_km,-1,-1,NamOu_Mekong,Length_km,-1,-1,Parana,Length_km,-1,-1,Tocantins,Length_km,-1,-1,Warrego_Darling,Length_km,-1,-1,Congo,Length_km,-1,-1,Danube,Length_km,-1,-1,Darling,Length_km,-1,-1,Don,Length_km,-1,-1,indus,Length_km,-1,-1,Kafue_Zambezi,Length_km,-1,-1,Macquaire_Darling,Length_km,-1,-1,NamNgun_Mekong,Length_km,-1,-1,Orinoco,Length_km,-1,-1,TekezeSetitAtbara_Nile,Length_km,-1,-1,Volta,Length_km,-1,-1,BahrelZeraf_Nile,Length_km,-1,-1,BlueNile_Nile,Length_km,-1,-1,Chari,Length_km,-1,-1,Amazon,Length_km,-1,-1,Columbia_single,Length_km,-1,-1,Kabompo_Zambezi,Length_km,-1,-1,Mackenzie,Length_km,-1,-1,Murray,Length_km,-1,-1,Olekma_lena,Length_km,-1,-1,Shire_Zambezi,Length_km,-1,-1,Volga,Length_km,-1,-1,Aldan_lena,Length_km,-1,-1,Jubba,Length_km,-1,-1,Macintyre_Darling,Length_km,-1,-1,Missouri_single,Length_km,-1,-1,Ohio_single,Length_km,-1,-1,Shangani_Zambezi,Length_km,-1,-1,Vitim_lena,Length_km,-1,-1,Akobo_Sobat_Nile,Length_km,-1,-1,Colorado_single,Length_km,-1,-1,Irtysh,Length_km,-1,-1,Luangwa_Zambezi,Length_km,-1,-1,Sepik,Length_km,-1,-1,Vilyuy_lena,Length_km,-1,-1;Len_MLR_km "Len_MLR_km" true true false 19 Double 0 0 ,First,#,Ural,Len_MLR_km,-1,-1,Victoria_White_Nile,Len_MLR_km,-1,-1,TonleSrepok_Mekong,Len_MLR_km,-1,-1,Yenisei,Len_MLR_km,-1,-1,Nile,Len_MLR_km,-1,-1,Ob,Len_MLR_km,-1,-1,RioGrande_single,Len_MLR_km,-1,-1,Senegal,Len_MLR_km,-1,-1,Mahakam,Len_MLR_km,-1,-1,Mekong,Len_MLR_km,-1,-1,Mississipi_single,Len_MLR_km,-1,-1,Niger,Len_MLR_km,-1,-1,Rhine,Len_MLR_km,-1,-1,TonleSap_Mekong,Len_MLR_km,-1,-1,Yangtze,Len_MLR_km,-1,-1,Kong_Mekong,Len_MLR_km,-1,-1,Kwando_Zambezi,Len_MLR_km,-1,-1,Lachlan_Murray,Len_MLR_km,-1,-1,Lena,Len_MLR_km,-1,-1,Limpopo,Len_MLR_km,-1,-1,MaeNamMun_Mekong,Len_MLR_km,-1,-1,NamOu_Mekong,Len_MLR_km,-1,-1,Parana,Len_MLR_km,-1,-1,Tocantins,Len_MLR_km,-1,-1,Warrego_Darling,Len_MLR_km,-1,-1,Congo,Len_MLR_km,-1,-1,Danube,Len_MLR_km,-1,-1,Darling,Len_MLR_km,-1,-1,Don,Len_MLR_km,-1,-1,indus,Len_MLR_km,-1,-1,Kafue_Zambezi,Len_MLR_km,-1,-1,Macquaire_Darling,Len_MLR_km,-1,-1,NamNgun_Mekong,Len_MLR_km,-1,-1,Orinoco,Len_MLR_km,-1,-1,TekezeSetitAtbara_Nile,Len_MLR_km,-1,-1,Volta,Len_MLR_km,-1,-1,BahrelZeraf_Nile,Len_MLR_km,-1,-1,BlueNile_Nile,Len_MLR_km,-1,-1,Chari,Len_MLR_km,-1,-1,Amazon,Len_MLR_km,-1,-1,Columbia_single,Len_MLR_km,-1,-1,Kabompo_Zambezi,Len_MLR_km,-1,-1,Mackenzie,Len_MLR_km,-1,-1,Murray,Len_MLR_km,-1,-1,Olekma_lena,Len_MLR_km,-1,-1,Shire_Zambezi,Len_MLR_km,-1,-1,Volga,Len_MLR_km,-1,-1,Aldan_lena,Len_MLR_km,-1,-1,Jubba,Len_MLR_km,-1,-1,Macintyre_Darling,Len_MLR_km,-1,-1,Missouri_single,Len_MLR_km,-1,-1,Ohio_single,Len_MLR_km,-1,-1,Shangani_Zambezi,Len_MLR_km,-1,-1,Vitim_lena,Len_MLR_km,-1,-1,Akobo_Sobat_Nile,Len_MLR_km,-1,-1,Colorado_single,Len_MLR_km,-1,-1,Irtysh,Len_MLR_km,-1,-1,Luangwa_Zambezi,Len_MLR_km,-1,-1,Sepik,Len_MLR_km,-1,-1,Vilyuy_lena,Len_MLR_km,-1,-1;LENGTHKM "LENGTHKM" true true false 19 Double 0 0 ,First,#,Arkansas,LENGTHKM,-1,-1;SHAPE_LENG "SHAPE_LENG" true true false 19 Double 0 0 ,First,#,Arkansas,SHAPE_LENG,-1,-1"</Process><Process ToolSource="c:\program files (x86)\arcgis\desktop10.5\ArcToolbox\Toolboxes\Data Management Tools.tbx\Merge" Date="20171212" Time="134218">Merge 0_AllRiversComboNov17;RedrawnRiverCenterlinesHR\Jubba;RedrawnRiverCenterlinesHR\Sepik;RedrawnRiverCenterlinesHR\Chari;RedrawnRiverCenterlinesHR\Mahakam;RedrawnRiverCenterlinesHR\Don;RedrawnRiverCenterlinesHR\Orinoco;RedrawnRiverCenterlinesHR\Volta;RedrawnRiverCenterlinesHR\Yukon;RedrawnRiverCenterlinesHR\Euphrates_ShattAlArab;RedrawnRiverCenterlinesHR\Tigris;RedrawnRiverCenterlinesHR\Ayrewaddy;RedrawnRiverCenterlinesHR\Brahmaputra;RedrawnRiverCenterlinesHR\ChaoPhraya;RedrawnRiverCenterlinesHR\Tarim;RedrawnRiverCenterlinesHR\Orange;RedrawnRiverCenterlinesHR\SaoFrancisco;'RedrawnRiverCenterlinesHR\Amu Darya' "C:\Basher\River Project\NewRiverGrids\RedrawnRivers\0_AllRiversComboDec17.shp" "ObjectID "ObjectID" true true false 10 Long 0 10 ,First,#,0_AllRiversComboNov17,ObjectID,-1,-1;NAME "NAME" true true false 40 Text 0 0 ,First,#,0_AllRiversComboNov17,NAME,-1,-1,RedrawnRiverCenterlinesHR\Jubba,name,-1,-1,RedrawnRiverCenterlinesHR\Sepik,name,-1,-1,RedrawnRiverCenterlinesHR\Chari,name,-1,-1,RedrawnRiverCenterlinesHR\Mahakam,name,-1,-1,RedrawnRiverCenterlinesHR\Don,name,-1,-1,RedrawnRiverCenterlinesHR\Orinoco,name,-1,-1,RedrawnRiverCenterlinesHR\Volta,name,-1,-1,RedrawnRiverCenterlinesHR\Yukon,name,-1,-1,RedrawnRiverCenterlinesHR\Euphrates_ShattAlArab,name,-1,-1,RedrawnRiverCenterlinesHR\Tigris,name,-1,-1,RedrawnRiverCenterlinesHR\Ayrewaddy,name,-1,-1,RedrawnRiverCenterlinesHR\Brahmaputra,name,-1,-1,RedrawnRiverCenterlinesHR\ChaoPhraya,name,-1,-1,RedrawnRiverCenterlinesHR\Tarim,name,-1,-1,RedrawnRiverCenterlinesHR\Orange,name,-1,-1,RedrawnRiverCenterlinesHR\SaoFrancisco,name,-1,-1,RedrawnRiverCenterlinesHR\Amu Darya,name,-1,-1;SYSTEM "SYSTEM" true true false 40 Text 0 0 ,First,#,0_AllRiversComboNov17,SYSTEM,-1,-1;MILES "MILES" true true false 19 Double 0 0 ,First,#,0_AllRiversComboNov17,MILES,-1,-1;featurecla "featurecla" true true false 15 Text 0 0 ,First,#,0_AllRiversComboNov17,featurecla,-1,-1,RedrawnRiverCenterlinesHR\Jubba,featurecla,-1,-1,RedrawnRiverCenterlinesHR\Sepik,featurecla,-1,-1,RedrawnRiverCenterlinesHR\Chari,featurecla,-1,-1,RedrawnRiverCenterlinesHR\Mahakam,featurecla,-1,-1,RedrawnRiverCenterlinesHR\Don,featurecla,-1,-1,RedrawnRiverCenterlinesHR\Orinoco,featurecla,-1,-1,RedrawnRiverCenterlinesHR\Volta,featurecla,-1,-1,RedrawnRiverCenterlinesHR\Yukon,featurecla,-1,-1,RedrawnRiverCenterlinesHR\Euphrates_ShattAlArab,featurecla,-1,-1,RedrawnRiverCenterlinesHR\Tigris,featurecla,-1,-1,RedrawnRiverCenterlinesHR\Ayrewaddy,featurecla,-1,-1,RedrawnRiverCenterlinesHR\Brahmaputra,featurecla,-1,-1,RedrawnRiverCenterlinesHR\ChaoPhraya,featurecla,-1,-1,RedrawnRiverCenterlinesHR\Tarim,featurecla,-1,-1,RedrawnRiverCenterlinesHR\Orange,featurecla,-1,-1,RedrawnRiverCenterlinesHR\SaoFrancisco,featurecla,-1,-1,RedrawnRiverCenterlinesHR\Amu Darya,featurecla,-1,-1;scalerank "scalerank" true true false 10 Long 0 10 ,First,#,0_AllRiversComboNov17,scalerank,-1,-1,RedrawnRiverCenterlinesHR\Jubba,scalerank,-1,-1,RedrawnRiverCenterlinesHR\Sepik,scalerank,-1,-1,RedrawnRiverCenterlinesHR\Chari,scalerank,-1,-1,RedrawnRiverCenterlinesHR\Mahakam,scalerank,-1,-1,RedrawnRiverCenterlinesHR\Don,scalerank,-1,-1,RedrawnRiverCenterlinesHR\Orinoco,scalerank,-1,-1,RedrawnRiverCenterlinesHR\Volta,scalerank,-1,-1,RedrawnRiverCenterlinesHR\Yukon,scalerank,-1,-1,RedrawnRiverCenterlinesHR\Euphrates_ShattAlArab,scalerank,-1,-1,RedrawnRiverCenterlinesHR\Tigris,scalerank,-1,-1,RedrawnRiverCenterlinesHR\Ayrewaddy,scalerank,-1,-1,RedrawnRiverCenterlinesHR\Brahmaputra,scalerank,-1,-1,RedrawnRiverCenterlinesHR\ChaoPhraya,scalerank,-1,-1,RedrawnRiverCenterlinesHR\Tarim,scalerank,-1,-1,RedrawnRiverCenterlinesHR\Orange,scalerank,-1,-1,RedrawnRiverCenterlinesHR\SaoFrancisco,scalerank,-1,-1,RedrawnRiverCenterlinesHR\Amu Darya,scalerank,-1,-1;rivernum "rivernum" true true false 10 Long 0 10 ,First,#,0_AllRiversComboNov17,rivernum,-1,-1,RedrawnRiverCenterlinesHR\Jubba,rivernum,-1,-1,RedrawnRiverCenterlinesHR\Sepik,rivernum,-1,-1,RedrawnRiverCenterlinesHR\Chari,rivernum,-1,-1,RedrawnRiverCenterlinesHR\Mahakam,rivernum,-1,-1,RedrawnRiverCenterlinesHR\Don,rivernum,-1,-1,RedrawnRiverCenterlinesHR\Orinoco,rivernum,-1,-1,RedrawnRiverCenterlinesHR\Volta,rivernum,-1,-1,RedrawnRiverCenterlinesHR\Yukon,rivernum,-1,-1,RedrawnRiverCenterlinesHR\Euphrates_ShattAlArab,rivernum,-1,-1,RedrawnRiverCenterlinesHR\Tigris,rivernum,-1,-1,RedrawnRiverCenterlinesHR\Ayrewaddy,rivernum,-1,-1,RedrawnRiverCenterlinesHR\Brahmaputra,rivernum,-1,-1,RedrawnRiverCenterlinesHR\ChaoPhraya,rivernum,-1,-1,RedrawnRiverCenterlinesHR\Tarim,rivernum,-1,-1,RedrawnRiverCenterlinesHR\Orange,rivernum,-1,-1,RedrawnRiverCenterlinesHR\SaoFrancisco,rivernum,-1,-1,RedrawnRiverCenterlinesHR\Amu Darya,rivernum,-1,-1;note "note" true true false 50 Text 0 0 ,First,#,0_AllRiversComboNov17,note,-1,-1,RedrawnRiverCenterlinesHR\Jubba,note,-1,-1,RedrawnRiverCenterlinesHR\Sepik,note,-1,-1,RedrawnRiverCenterlinesHR\Chari,note,-1,-1,RedrawnRiverCenterlinesHR\Mahakam,note,-1,-1,RedrawnRiverCenterlinesHR\Don,note,-1,-1,RedrawnRiverCenterlinesHR\Orinoco,note,-1,-1,RedrawnRiverCenterlinesHR\Volta,note,-1,-1,RedrawnRiverCenterlinesHR\Yukon,note,-1,-1,RedrawnRiverCenterlinesHR\Euphrates_ShattAlArab,note,-1,-1,RedrawnRiverCenterlinesHR\Tigris,note,-1,-1,RedrawnRiverCenterlinesHR\Ayrewaddy,note,-1,-1,RedrawnRiverCenterlinesHR\Brahmaputra,note,-1,-1,RedrawnRiverCenterlinesHR\ChaoPhraya,note,-1,-1,RedrawnRiverCenterlinesHR\Tarim,note,-1,-1,RedrawnRiverCenterlinesHR\Orange,note,-1,-1,RedrawnRiverCenterlinesHR\SaoFrancisco,note,-1,-1,RedrawnRiverCenterlinesHR\Amu Darya,note,-1,-1;name_alt "name_alt" true true false 254 Text 0 0 ,First,#,0_AllRiversComboNov17,name_alt,-1,-1,RedrawnRiverCenterlinesHR\Jubba,name_alt,-1,-1,RedrawnRiverCenterlinesHR\Sepik,name_alt,-1,-1,RedrawnRiverCenterlinesHR\Chari,name_alt,-1,-1,RedrawnRiverCenterlinesHR\Mahakam,name_alt,-1,-1,RedrawnRiverCenterlinesHR\Don,name_alt,-1,-1,RedrawnRiverCenterlinesHR\Orinoco,name_alt,-1,-1,RedrawnRiverCenterlinesHR\Volta,name_alt,-1,-1,RedrawnRiverCenterlinesHR\Yukon,name_alt,-1,-1,RedrawnRiverCenterlinesHR\Euphrates_ShattAlArab,name_alt,-1,-1,RedrawnRiverCenterlinesHR\Tigris,name_alt,-1,-1,RedrawnRiverCenterlinesHR\Ayrewaddy,name_alt,-1,-1,RedrawnRiverCenterlinesHR\Brahmaputra,name_alt,-1,-1,RedrawnRiverCenterlinesHR\ChaoPhraya,name_alt,-1,-1,RedrawnRiverCenterlinesHR\Tarim,name_alt,-1,-1,RedrawnRiverCenterlinesHR\Orange,name_alt,-1,-1,RedrawnRiverCenterlinesHR\SaoFrancisco,name_alt,-1,-1,RedrawnRiverCenterlinesHR\Amu Darya,name_alt,-1,-1;Length_km "Length_km" true true false 19 Double 0 0 ,First,#,0_AllRiversComboNov17,Length_km,-1,-1,RedrawnRiverCenterlinesHR\Jubba,Length_km,-1,-1,RedrawnRiverCenterlinesHR\Sepik,Length_km,-1,-1,RedrawnRiverCenterlinesHR\Chari,Length_km,-1,-1,RedrawnRiverCenterlinesHR\Mahakam,Length_km,-1,-1,RedrawnRiverCenterlinesHR\Don,Length_km,-1,-1,RedrawnRiverCenterlinesHR\Orinoco,Length_km,-1,-1,RedrawnRiverCenterlinesHR\Volta,Length_km,-1,-1,RedrawnRiverCenterlinesHR\Yukon,Length_km,-1,-1,RedrawnRiverCenterlinesHR\Euphrates_ShattAlArab,Length_km,-1,-1,RedrawnRiverCenterlinesHR\Tigris,Length_km,-1,-1,RedrawnRiverCenterlinesHR\Ayrewaddy,Length_km,-1,-1,RedrawnRiverCenterlinesHR\Brahmaputra,Length_km,-1,-1,RedrawnRiverCenterlinesHR\ChaoPhraya,Length_km,-1,-1,RedrawnRiverCenterlinesHR\Tarim,Length_km,-1,-1,RedrawnRiverCenterlinesHR\Orange,Length_km,-1,-1,RedrawnRiverCenterlinesHR\SaoFrancisco,Length_km,-1,-1,RedrawnRiverCenterlinesHR\Amu Darya,Length_km,-1,-1;Len_MLR_km "Len_MLR_km" true true false 19 Double 0 0 ,First,#,0_AllRiversComboNov17,Len_MLR_km,-1,-1,RedrawnRiverCenterlinesHR\Jubba,Len_MLR_km,-1,-1,RedrawnRiverCenterlinesHR\Sepik,Len_MLR_km,-1,-1,RedrawnRiverCenterlinesHR\Chari,Len_MLR_km,-1,-1,RedrawnRiverCenterlinesHR\Mahakam,Len_MLR_km,-1,-1,RedrawnRiverCenterlinesHR\Don,Len_MLR_km,-1,-1,RedrawnRiverCenterlinesHR\Orinoco,Len_MLR_km,-1,-1,RedrawnRiverCenterlinesHR\Volta,Len_MLR_km,-1,-1,RedrawnRiverCenterlinesHR\Yukon,Len_MLR_km,-1,-1,RedrawnRiverCenterlinesHR\Euphrates_ShattAlArab,Len_MLR_km,-1,-1,RedrawnRiverCenterlinesHR\Tigris,Len_MLR_km,-1,-1,RedrawnRiverCenterlinesHR\Ayrewaddy,Len_MLR_km,-1,-1,RedrawnRiverCenterlinesHR\Brahmaputra,Len_MLR_km,-1,-1,RedrawnRiverCenterlinesHR\ChaoPhraya,Len_MLR_km,-1,-1,RedrawnRiverCenterlinesHR\Tarim,Len_MLR_km,-1,-1,RedrawnRiverCenterlinesHR\Orange,Len_MLR_km,-1,-1,RedrawnRiverCenterlinesHR\SaoFrancisco,Len_MLR_km,-1,-1,RedrawnRiverCenterlinesHR\Amu Darya,Len_MLR_km,-1,-1"</Process><Process ToolSource="c:\program files (x86)\arcgis\desktop10.5\ArcToolbox\Toolboxes\Data Management Tools.tbx\Merge" Date="20171220" Time="163146">Merge 0_AllRiversComboDec17;RedrawnRiverCenterlinesHR\Gambia "C:\Basher\River Project\NewRiverGrids\RedrawnRivers\0_AllRiversComboDec17_Final.shp" "NAME "NAME" true true false 40 Text 0 0 ,First,#,0_AllRiversComboDec17,NAME,-1,-1,RedrawnRiverCenterlinesHR\Gambia,name,-1,-1;SYSTEM "SYSTEM" true true false 40 Text 0 0 ,First,#,0_AllRiversComboDec17,SYSTEM,-1,-1;name_alt "name_alt" true true false 254 Text 0 0 ,First,#,0_AllRiversComboDec17,name_alt,-1,-1,RedrawnRiverCenterlinesHR\Gambia,name_alt,-1,-1;scalerank "scalerank" true true false 10 Long 0 10 ,First,#,0_AllRiversComboDec17,scalerank,-1,-1,RedrawnRiverCenterlinesHR\Gambia,scalerank,-1,-1;rivernum "rivernum" true true false 10 Long 0 10 ,First,#,0_AllRiversComboDec17,rivernum,-1,-1,RedrawnRiverCenterlinesHR\Gambia,rivernum,-1,-1;note "note" true true false 50 Text 0 0 ,First,#,0_AllRiversComboDec17,note,-1,-1,RedrawnRiverCenterlinesHR\Gambia,note,-1,-1;Length_km "Length_km" true true false 19 Double 0 0 ,First,#,0_AllRiversComboDec17,Length_km,-1,-1,RedrawnRiverCenterlinesHR\Gambia,Length_km,-1,-1;Len_MLR_km "Len_MLR_km" true true false 19 Double 0 0 ,First,#,0_AllRiversComboDec17,Len_MLR_km,-1,-1,RedrawnRiverCenterlinesHR\Gambia,Len_MLR_km,-1,-1"</Process><Process ToolSource="c:\program files (x86)\arcgis\desktop10.1\ArcToolbox\Toolboxes\Data Management Tools.tbx\Merge" Date="20180328" Time="110817">Merge RiversComboDec17;Rufiji D:\USGS\RiverProject\NewRiverGrids\RedrawnRivers\AllRiverFinal\RiversCombo.shp "NAME "NAME" true true false 40 Text 0 0 ,First,#,RiversComboDec17,NAME,-1,-1,Rufiji,name,-1,-1;SYSTEM "SYSTEM" true true false 40 Text 0 0 ,First,#,RiversComboDec17,SYSTEM,-1,-1;name_alt "name_alt" true true false 254 Text 0 0 ,First,#,RiversComboDec17,name_alt,-1,-1,Rufiji,name_alt,-1,-1;scalerank "scalerank" true true false 10 Double 0 10 ,First,#,RiversComboDec17,scalerank,-1,-1,Rufiji,scalerank,-1,-1;rivernum "rivernum" true true false 10 Double 0 10 ,First,#,RiversComboDec17,rivernum,-1,-1,Rufiji,rivernum,-1,-1;Length_km "Length_km" true true false 19 Double 0 0 ,First,#,RiversComboDec17,Length_km,-1,-1,Rufiji,Length_km,-1,-1"</Process></lineage><itemProps><itemName Sync="TRUE">RiversCombo</itemName><imsContentType Sync="TRUE">002</imsContentType><itemSize Sync="TRUE">0.000</itemSize><itemLocation><linkage Sync="TRUE">file://\\TP430MZB\D$\USGS\RiverProject\NewRiverGrids\RedrawnRivers\AllRiverFinal\RiversCombo.shp</linkage><protocol Sync="TRUE">Local Area Network</protocol></itemLocation><nativeExtBox><westBL Sync="TRUE">-18334973.441731</westBL><eastBL Sync="TRUE">16875266.040348</eastBL><southBL Sync="TRUE">-4409356.731689</southBL><northBL Sync="TRUE">11948728.369483</northBL><exTypeCode Sync="TRUE">1</exTypeCode></nativeExtBox></itemProps><coordRef><type Sync="TRUE">Projected</type><geogcsn Sync="TRUE">GCS_WGS_1984</geogcsn><csUnits Sync="TRUE">Linear Unit: Meter (1.000000)</csUnits><projcsn Sync="TRUE">WGS_1984_World_Mercator</projcsn><peXml Sync="TRUE">&lt;ProjectedCoordinateSystem xsi:type='typens:ProjectedCoordinateSystem' xmlns:xsi='http://www.w3.org/2001/XMLSchema-instance' xmlns:xs='http://www.w3.org/2001/XMLSchema' xmlns:typens='http://www.esri.com/schemas/ArcGIS/10.1'&gt;&lt;WKT&gt;PROJCS[&amp;quot;WGS_1984_World_Mercator&amp;quot;,GEOGCS[&amp;quot;GCS_WGS_1984&amp;quot;,DATUM[&amp;quot;D_WGS_1984&amp;quot;,SPHEROID[&amp;quot;WGS_1984&amp;quot;,6378137.0,298.257223563]],PRIMEM[&amp;quot;Greenwich&amp;quot;,0.0],UNIT[&amp;quot;Degree&amp;quot;,0.0174532925199433]],PROJECTION[&amp;quot;Mercator&amp;quot;],PARAMETER[&amp;quot;False_Easting&amp;quot;,0.0],PARAMETER[&amp;quot;False_Northing&amp;quot;,0.0],PARAMETER[&amp;quot;Central_Meridian&amp;quot;,0.0],PARAMETER[&amp;quot;Standard_Parallel_1&amp;quot;,0.0],UNIT[&amp;quot;Meter&amp;quot;,1.0],AUTHORITY[&amp;quot;EPSG&amp;quot;,3395]]&lt;/WKT&gt;&lt;XOrigin&gt;-20037700&lt;/XOrigin&gt;&lt;YOrigin&gt;-30198300&lt;/YOrigin&gt;&lt;XYScale&gt;149134210.44795552&lt;/XYScale&gt;&lt;ZOrigin&gt;-100000&lt;/ZOrigin&gt;&lt;ZScale&gt;10000&lt;/ZScale&gt;&lt;MOrigin&gt;-100000&lt;/MOrigin&gt;&lt;MScale&gt;10000&lt;/MScale&gt;&lt;XYTolerance&gt;0.001&lt;/XYTolerance&gt;&lt;ZTolerance&gt;0.001&lt;/ZTolerance&gt;&lt;MTolerance&gt;0.001&lt;/MTolerance&gt;&lt;HighPrecision&gt;true&lt;/HighPrecision&gt;&lt;WKID&gt;3395&lt;/WKID&gt;&lt;LatestWKID&gt;3395&lt;/LatestWKID&gt;&lt;/ProjectedCoordinateSystem&gt;</peXml></coordRef><copyHistory><copy source="C:\Basher\River Project\NewRiverGrids\RedrawnRivers\RiversComboDec17" dest="\\IGSAAAHMLT60024\C$\Basher\River Project\NewRiverGrids\RedrawnRivers\AllRiverFinal\RiversComboDec17" date="20180103" time="12325900"></copy></copyHistory></DataProperties><SyncDate>20180328</SyncDate><SyncTime>11081100</SyncTime><ModDate>20180328</ModDate><ModTime>11081100</ModTime><ArcGISstyle>XTools Pro Metadata</ArcGISstyle></Esri><dataIdInfo><envirDesc Sync="TRUE"> Version 6.2 (Build 9200) ; Esri ArcGIS 10.1.1.3300</envirDesc><dataLang><languageCode value="eng" Sync="TRUE"></languageCode><countryCode value="USA" Sync="TRUE"></countryCode></dataLang><idCitation><resTitle Sync="TRUE">RiversCombo</resTitle><presForm><PresFormCd value="005" Sync="TRUE"></PresFormCd></presForm></idCitation><spatRpType><SpatRepTypCd value="001" Sync="TRUE"></SpatRepTypCd></spatRpType><dataExt><vertEle><vertMinVal Sync="TRUE">0.000000</vertMinVal><vertMaxVal Sync="TRUE">0.000000</vertMaxVal></vertEle><geoEle/></dataExt><dataExt><geoEle><GeoBndBox esriExtentType="search"><exTypeCode Sync="TRUE">1</exTypeCode><westBL Sync="TRUE">-164.705869</westBL><eastBL Sync="TRUE">151.593094</eastBL><northBL Sync="TRUE">72.644737</northBL><southBL Sync="TRUE">-36.970935</southBL></GeoBndBox></geoEle></dataExt></dataIdInfo><mdLang><languageCode value="eng" Sync="TRUE"></languageCode><countryCode value="USA" Sync="TRUE"></countryCode></mdLang><mdChar><CharSetCd value="004" Sync="TRUE"></CharSetCd></mdChar><distInfo><distFormat><formatName Sync="TRUE">Shapefile</formatName></distFormat><distTranOps><transSize Sync="TRUE">0.000</transSize></distTranOps></distInfo><mdHrLv><ScopeCd value="005" Sync="TRUE"></ScopeCd></mdHrLv><mdHrLvName Sync="TRUE">dataset</mdHrLvName><refSysInfo><RefSystem><refSysID><identCode code="3395" Sync="TRUE"></identCode><idCodeSpace Sync="TRUE">EPSG</idCodeSpace><idVersion Sync="TRUE">7.11.2</idVersion></refSysID></RefSystem></refSysInfo><spatRepInfo><VectSpatRep><geometObjs Name="RiversCombo"><geoObjTyp><GeoObjTypCd value="002" Sync="TRUE"></GeoObjTypCd></geoObjTyp><geoObjCnt Sync="TRUE">0</geoObjCnt></geometObjs><topLvl><TopoLevCd value="001" Sync="TRUE"></TopoLevCd></topLvl></VectSpatRep></spatRepInfo><spdoinfo><direct Sync="TRUE">Vector</direct><ptvctinf><esriterm Name="RiversCombo"><efeatyp Sync="TRUE">Simple</efeatyp><efeageom code="3" Sync="TRUE"></efeageom><esritopo Sync="TRUE">FALSE</esritopo><efeacnt Sync="TRUE">0</efeacnt><spindex Sync="TRUE">FALSE</spindex><linrefer Sync="TRUE">TRUE</linrefer></esriterm></ptvctinf></spdoinfo><eainfo><detailed Name="RiversCombo"><enttyp><enttypl>0_AllRiversComboDec17_Final</enttypl><enttypt>Feature Class</enttypt><enttypc>0</enttypc><enttypd></enttypd><enttypds></enttypds></enttyp><attr><attrlabl>FID</attrlabl><attalias>FID</attalias><attrdef>Internal feature number.</attrdef><attrdefs>Esri</attrdefs><attrtype>OID</attrtype><attwidth>4</attwidth><atprecis>0</atprecis><attscale>0</attscale><attrdomv><udom>Sequential unique whole numbers that are automatically generated.</udom></attrdomv><begdatea></begdatea></attr><attr><attrlabl>Shape</attrlabl><attalias>Shape</attalias><attrdef>Feature geometry.</attrdef><attrdefs>Esri</attrdefs><attrtype>Geometry</attrtype><attwidth>0</attwidth><atprecis>0</atprecis><attscale>0</attscale><attrdomv><udom>Coordinates defining the features.</udom></attrdomv><begdatea></begdatea></attr><attr><attrlabl>NAME</attrlabl><attalias>NAME</attalias><attrdef>Name of the River</attrdef><attrdefs></attrdefs><attrtype>String</attrtype><attwidth>40</attwidth><atprecis>0</atprecis><attscale>0</attscale><begdatea></begdatea></attr><attr><attrlabl>SYSTEM</attrlabl><attalias>SYSTEM</attalias><attrdef>Name of the main river system (if the river is a tributary, part of a large river)</attrdef><attrdefs></attrdefs><attrtype>String</attrtype><attwidth>40</attwidth><atprecis>0</atprecis><attscale>0</attscale><begdatea></begdatea></attr><attr><attrlabl>scalerank</attrlabl><attalias>scalerank</attalias><attrdef>River Scale Based on Natural Earth Data</attrdef><attrdefs></attrdefs><attrtype>Integer</attrtype><attwidth>10</attwidth><atprecis>10</atprecis><attscale>0</attscale><begdatea></begdatea></attr><attr><attrlabl>rivernum</attrlabl><attalias>rivernum</attalias><attrdef>Unique River Number Based on Natural Earth Data</attrdef><attrdefs></attrdefs><attrtype>Integer</attrtype><attwidth>10</attwidth><atprecis>10</atprecis><attscale>0</attscale><begdatea></begdatea></attr><attr><attrlabl>name_alt</attrlabl><attalias>name_alt</attalias><attrdef>Alternative or Local name of the River</attrdef><attrdefs></attrdefs><attrtype>String</attrtype><attwidth>254</attwidth><atprecis>0</atprecis><attscale>0</attscale><begdatea></begdatea></attr><attr><attrlabl>Length_km</attrlabl><attalias>Length_km</attalias><attrdef>River Length in Kilometer</attrdef><attrdefs></attrdefs><attrtype>Double</attrtype><attwidth>19</attwidth><atprecis>0</atprecis><attscale>0</attscale><begdatea></begdatea><attrmfrq>Unknown</attrmfrq></attr></detailed></eainfo><mdDateSt Sync="TRUE">20180328</mdDateSt><idinfo><descript><abstract>High Resolution River Center Polylines of Selected Global Large River Systems </abstract><langdata>English (United States)</langdata><purpose>High Resolution River Center Polylines of Selected Global Large River Systems for spatial analysis, visuatization.</purpose></descript><ptcontac><cntinfo><cntorgp><cntorg>NCCWSC (USGS)/MSU (CSIS)</cntorg><cntper>Zeenatul Basher</cntper></cntorgp><cntemail>zbasher@gmail.com</cntemail></cntinfo></ptcontac><accconst>None</accconst><useconst>With Attributes</useconst><datacred>Zeenatul Basher</datacred><natvform>shp file</natvform><native>ArcGIS Shapefile</native><citation><citeinfo><title></title><pubdate>01/02/2018</pubdate><pubtime>17:05</pubtime><geoform>map</geoform><pubinfo/><serinfo/><lworkcit><citeinfo><title></title><pubdate></pubdate><pubinfo/><serinfo/></citeinfo></lworkcit><onlink Sync="TRUE">file://\\IGSAAAHMLT60024\C$\Basher\River Project\NewRiverGrids\RedrawnRivers\0_AllRiversComboDec17_Final.shp</onlink></citeinfo></citation><status><progress>Complete</progress><update>Irregular</update></status><keywords><theme><themekt>river, large rver systems</themekt></theme><place><placekt>global</placekt><placekey>large river systems</placekey><placekey>center polylines</placekey><placekey>high resolution vector</placekey></place></keywords><spdom><bounding><westbc Sync="TRUE">-18334973.4417311</westbc><eastbc Sync="TRUE">16875266.0403475</eastbc><northbc Sync="TRUE">11948728.3694832</northbc><southbc Sync="TRUE">-4409356.73168945</southbc></bounding></spdom></idinfo><dataqual><lineage><procstep><procdesc></procdesc><procsv>1.0</procsv><procdate>01/02/2018</procdate><proctime>00:00</proctime><proccont><cntinfo><cntperp><cntper></cntper></cntperp></cntinfo></proccont></procstep></lineage></dataqual><spref><horizsys><cordsysn><projcsn>WGS84 World Mercator</projcsn><geogcsn Sync="TRUE">GCS_WGS_1984</geogcsn></cordsysn><geodetic><horizdn Sync="TRUE">D_WGS_1984</horizdn><ellips Sync="TRUE">WGS_1984</ellips><semiaxis Sync="TRUE">6378137</semiaxis></geodetic></horizsys></spref><metainfo><langmeta></langmeta><metstdn></metstdn><metstdv></metstdv><mettc></mettc><metd></metd><metrd></metrd><metfrd></metfrd><metac></metac><metuc></metuc><metc><cntinfo><cntperp><cntper>Zeenatul Basher</cntper></cntperp><cntpos>Research Technologist</cntpos><cntinst>contact via email: zbasher@gmail.com</cntinst><cntemail>zbasher@gmail.com</cntemail></cntinfo></metc><metsi><metscs></metscs><metsc></metsc><metshd></metshd></metsi></metainfo></metadata>
